risk_category,total_loans,defaults,avg_loan,avg_income,default_rate_pct
High Risk,235,0,9336251.357446808,1580570.4638297872,0.0
Low Risk,634,0,7061349.525236593,1296823.1829652996,0.0
Medium Risk,9132,0,11976281.946014017,1325093.7888742883,0.0
